{
  "__Type__": "Vo",
  "__TypeCode__": "Common.SystemCodeSet",
  "Id": 990800118,
  "DesignIdentifier": "TimeZones",
  "Name": {"en": "Time Zone Codes"},
  "Promoted": false,
  "Active": true,
  "ShortName": "",
  "DesignClientId": 9999,
  "BuildId": 9996,
  "ExtensibleAttributeList": [],
  "ModifiedStandardAttributeList": [],
  "Options": {
    "Africa/Cairo": {"en": "Africa - Egypt"},
    "Africa/Dakar": {"en": "Africa - Northwest Africa (Includes Canary Islands)"},
    "Africa/Johannesburg": {"en": "Africa - Southeastern Africa"},
    "Africa/Khartoum": {"en": "Africa - Northeastern Africa"},
    "Africa/Libreville": {"en": "Africa - Western Africa"},
    "America/Asuncion": {"en": "South America - Paraguay"},
    "America/Bahia": {"en": "South America - Northern Brazil"},
    "America/Buenos_Aires": {"en": "South America - Argentina"},
    "America/Caracas": {"en": "South America - Venezuela"},
    "America/Cuiaba": {"en": "South America - Central Brazil (Amazon)"},
    "America/Godthab": {"en": "North America - Greenland"},
    "America/Havana": {"en": "Central America - Cuba, Jamaica, Haiti"},
    "America/La_Paz": {"en": "South America - Chile, Bolivia, Guyana, Western Brazil"},
    "America/Lima": {"en": "South America - Peru, Ecuador, Colombia"},
    "America/Mexico_City": {"en": "Central America"},
    "America/Montevideo": {"en": "South America - Uruguay"},
    "America/Panama": {"en": "Central America - Panama"},
    "America/Santo_Domingo": {"en": "Central America - Puerto Rico, Dominican Republic, Trinidad"},
    "Asia/Baku": {"en": "Asia - Azerbaijan"},
    "Asia/Bangkok": {"en": "South East Asia - Laos, Thailand, Cambodia"},
    "Asia/Calcutta": {"en": "Asia - India"},
    "Asia/Dhaka": {"en": "Asia - Bangladesh"},
    "Asia/Dubai": {"en": "Middle East - United Arab Emerates and Oman"},
    "Asia/Irkutsk": {"en": "Asia - Russia - Irkutsk"},
    "Asia/Jakarta": {"en": "South East Asia - Western Indonesia, Singapore"},
    "Asia/Jayapura": {"en": "South East Asia - Eastern Indonesia"},
    "Asia/Kabul": {"en": "Asia - Afghanistan"},
    "Asia/Kamchatka": {"en": "Asia - Russia - Kamchatka"},
    "Asia/Karachi": {"en": "Asia - Pakistan"},
    "Asia/Kathmandu": {"en": "Asia - Nepal"},
    "Asia/Krasnoyarsk": {"en": "Asia - Russia - Krasnoyarsk"},
    "Asia/Kuala_Lumpur": {"en": "South East Asia - Malaysia"},
    "Asia/Magadan": {"en": "Asia - Russia - Magadan"},
    "Asia/Manila": {"en": "South East Asia - Central Indonesia, Philippines"},
    "Asia/Omsk": {"en": "Asia - Russia - Omsk Oblat"},
    "Asia/Rangoon": {"en": "South East Asia - Myanmar (Burma)"},
    "Asia/Riyadh": {"en": "Middle East - Saudi Arabia and Yemen"},
    "Asia/Taipei": {"en": "Asia - Taiwan"},
    "Asia/Tashkent": {"en": "Asia - Kazakhstan, Uzbekistan, Turkmenistan"},
    "Asia/Tehran": {"en": "Asia - Iran"},
    "Asia/Thimphu": {"en": "Asia - Butan"},
    "Asia/Ulaanbaatar": {"en": "Asia - Mongolia"},
    "Asia/Vladivostok": {"en": "Asia - Russia - Vladivostok"},
    "Asia/Yakutsk": {"en": "Asia - Russia - Yakutsk"},
    "Atlantic/Azores": {"en": "Africa - Azores"},
    "Atlantic/Stanley": {"en": "South America - Falkland Islands"},
    "Australia/Lord_Howe": {"en": "Australia - Lord Howe Island"},
    "Australia/Melbourne": {"en": "Australia - Eastern Australia and Tasmania"},
    "Australia/North": {"en": "Australia - Northern Australia"},
    "Australia/South": {"en": "Australia - Southern Australia"},
    "Australia/West": {"en": "Australia - Western Australia"},
    "Brazil/DeNoronha": {"en": "South America - Brazil (Fernando de Noronha)"},
    "Brazil/East": {"en": "South America - Eastern Brazil"},
    "CET": {"en": "Europe - Central European Time"},
    "CST6CDT": {"en": "North America - Central Daylight Time"},
    "Canada/Atlantic": {"en": "North America - Canada Atlantic (Maritimes and Labrador)and Bermuda"},
    "Canada/Newfoundland": {"en": "North America - Newfoundland"},
    "Canada/Saskatchewan": {"en": "North America - Saskatchewan"},
    "EET": {"en": "Europe - Far-Eastern European Time"},
    "EST5EDT": {"en": "North America - Eastern Daylight Time"},
    "Eire": {"en": "Europe - Ireland"},
    "Europe/Helsinki": {"en": "Europe - Finland"},
    "Europe/Istanbul": {"en": "Middle East - Mediterranean Countries"},
    "Europe/Kaliningrad": {"en": "Asia - Russia - Kaliningrad Oblast"},
    "Europe/Lisbon": {"en": "Europe - Portugal"},
    "Europe/Minsk": {"en": "Europe - Belarus"},
    "Europe/Moscow": {"en": "Asia - Russia - Moscow"},
    "GB": {"en": "Europe - Great Britain (Britain, Scotland, Wales, Northern Ireland)"},
    "MST7MDT": {"en": "North America - Mountain Daylight Time"},
    "Mexico/BajaNorte": {"en": "Central America - Mexico BajaNorte"},
    "Mexico/BajaSur": {"en": "Central America - Mexico BajaSur"},
    "PRC": {"en": "Asia - Peoples Republic of China"},
    "PST8PDT": {"en": "North America - Pacific Daylight Time"},
    "Pacific/Auckland": {"en": "Pacific - New Zealand"},
    "Pacific/Chatham": {"en": "Pacific - Chatham Islands"},
    "Pacific/Fiji": {"en": "Pacific - Fiji"},
    "Pacific/Pohnpei": {"en": "Pacific - Vanuatu, Solomon Islands, Micronesia, New Caledonia"},
    "Pacific/Port_Moresby": {"en": "Pacific - Papua New Guinea, Guam, Chuuk"},
    "Pacific/Tongatapu": {"en": "Pacific - Tonga"},
    "US/Alaska": {"en": "North America - Alaska"},
    "US/Arizona": {"en": "North America - Arizona"},
    "UTC": {"en": "Universal Coordinated Time (UTC)"}
  }}